Normal,Ref failure
0.7520804344131355,0.3149457310291969
0.9776935581907892,0.3516969704929547
0.9813389216399554,0.3645708072643581
0.9835783257795085,0.37749590526348653
0.989170578478419,0.4092383849676535
0.9898185321267142,0.4273433652863362
0.9909806889910102,0.42866990951274464
0.9910404148362871,0.4299172148597562
0.9910453164866845,0.4309953660195217
0.9921451893048558,0.4459031199817134
0.9923521833467427,0.45730632206521304
0.9923611519883122,0.4578192263810965
0.993267893225443,0.46356063295847316
0.9942363027259268,0.46404780748078034
0.9944612378817137,0.4643303460395649
0.9948445793421496,0.4688621843868028
0.9949402529475212,0.4715320394338046
0.9956148588445537,0.47280611083702906
0.9956887182688091,0.4808051718465426
0.9957118890568893,0.48159559906368776
0.9957227972261194,0.49334250042274674
0.9957660262823423,0.49546258727817705
0.995936922473136,0.496630892106251
0.9959994317585897,0.4978802532880289
0.9963580294357112,0.5000715518238961
0.9966955970587975,0.5015414259337978
0.9971064727275547,0.5074921492514519
0.997167956893993,0.5090836078121255
0.9971716567950987,0.5093508641719897
0.9973179050574731,0.5124812091546592
0.997467064259669,0.5222787855039707
0.9975321762555471,0.5231284974303569
0.9976365664915102,0.523656897840397
0.9978357641137158,0.5248960975991939
0.9982017126424165,0.5249161510969385
0.9982436599948494,0.5273576498881059
0.9982762036041714,0.5308291185411531
0.9983257800901515,0.533566402853167
0.998334465167979,0.5365487037015566
0.9984156168962083,0.5380800088191355
0.9984524631285845,0.5422291008661504
0.9984651584674974,0.5422634968293922
0.998500785145893,0.5432434089988052
0.9985103314908236,0.5462410639655855
0.9986181405633746,0.5474845484602637
0.9986241309599092,0.5528423767271207
0.9986582857836007,0.5574231159249923
0.9987454966415094,0.5617616380407713
0.9987539758374955,0.5621109904108902
0.9987599383442364,0.5662990911447435
0.9988019951583507,0.566719396026466
0.998814774171177,0.5686250674278825
0.9988229913715111,0.5689766419613005
0.9988300206011506,0.5698089519266574
0.9988331118295053,0.5728654092291112
0.9988349129191301,0.5732809030942958
0.9988519845729907,0.5733617883709157
0.9988542021481521,0.575258131657818
0.9988802481861255,0.5790568290848401
0.9988835616503388,0.581625932265929
0.9988978401271281,0.5829877591395749
0.9989043022255407,0.583667249325172
0.9989086268409698,0.5843787602622905
0.998921089663853,0.5859627306510793
0.9989251991843596,0.5872158873055499
0.9989284702420017,0.5884824046619397
0.9989292244976186,0.5918016071894471
0.9989327695947433,0.5934612983884617
0.998932969321459,0.5939006671194612
0.9989370726396923,0.5944510513032688
0.9989436155450875,0.594539681598944
0.9989522162905466,0.5967902192558949
0.9989628995059617,0.5991392102797356
0.9989749735973917,0.6033288176030689
0.9989835691455949,0.6065664641995538
0.999004638074072,0.6078932071148712
0.9990462045549537,0.6092781841416801
0.9990524265401692,0.611418845445675
0.9990643844009002,0.6129601236130167
0.9990646611597703,0.6139786471662853
0.9990678378577186,0.6151518870553725
0.9990699273990133,0.6157720712608559
0.9990960301067808,0.6159296682929742
0.9990977232336493,0.6179431754315057
0.9990990022338,0.6190221146324533
0.9991127920278512,0.6190282066916153
0.9991140500832815,0.6190796373790536
0.9991143720368342,0.6195702993195367
0.9991221619965306,0.6198847271000856
0.9991306697684725,0.620993624211222
0.9991311697562161,0.626730840813029
0.9991343641327628,0.627304788604004
0.9991358572168826,0.6276876646244804
0.9991384190093963,0.6283569621655215
0.9991401936231933,0.6297022811365826
0.9991443616740866,0.6305810988887202
0.999157072643527,0.6322325711059238
0.9991618393979402,0.6325814058820789
0.9991666188680719,0.634760465556596
0.9991743995745438,0.6347751295123873
0.9991835583544058,0.635003478655197
0.9991983310894571,0.6354797222683715
0.9992128327816654,0.6359719173310603
0.9992225787065627,0.6399456445449464
0.9992602907171341,0.6410298393184592
0.9992683223007678,0.6425654757579303
0.9992761321598015,0.6440393374008445
0.999288873911095,0.644102788810676
0.9992997056013525,0.646220063353137
0.9993034886647254,0.6464596782237928
0.999314014502035,0.6468473989800363
0.9993186815015274,0.6472466706708409
0.9993455671758298,0.6492761386936978
0.9993513475581259,0.6501932086990656
0.9993698384947459,0.6516290675314234
0.999388074106999,0.6518275538682374
0.9994023420782678,0.6518586204039141
0.9994029894065186,0.6536200344640652
0.99940586906348,0.6542963774300206
0.9994071838545062,0.6587202401090735
0.9994190452084228,0.6587424248815097
0.9994280100418853,0.6596781894243151
0.9994300429039303,0.6597898180126454
0.9994320153702222,0.6617243359858354
0.9994321281801261,0.6628695919010742
0.9994340605909153,0.6631865757510575
0.9994370650468424,0.66379200532277
0.9994377410449465,0.6638165254807182
0.9994408121876629,0.6639056031945649
0.9994424882023567,0.6655814867383004
0.9994435564370542,0.6669622370679512
0.99944801630847,0.6694698728841991
0.9994522157179523,0.6701615619029254
0.9994611134834434,0.6706604715836155
0.9994611662258883,0.6710683351606181
0.9994712875887222,0.6712654473568425
0.9994743022224059,0.6716896259652254
0.9994764222253064,0.672376452774289
0.9994778703643632,0.6735108015371577
0.9994949859795004,0.6735461578206925
0.9994956086811182,0.6749078025435233
0.9994961589190551,0.6760938603924651
0.9994969309789062,0.6770074896212706
0.9995018682936255,0.6771030352097828
0.9995023130146095,0.6771152354799401
0.9995068386533991,0.678013763661361
0.9995090135072483,0.6781697613212503
0.9995108650824841,0.6782938573826662
0.9995120266713876,0.6793879224510488
0.9995123681337923,0.679413528336644
0.9995150391048578,0.6801968374462775
0.999516911402238,0.6805590300868514
0.9995182157478207,0.6829848814660311
0.9995189529236476,0.6835485420876786
0.999522426050516,0.6848393695250512
0.9995230704288137,0.6856207063681405
0.9995243197445528,0.685784200857368
0.999524433745375,0.685923095098961
0.9995277419761922,0.6870818312959682
0.9995316424970656,0.6878561939673378
0.9995363711041781,0.688086587203687
0.9995379907173085,0.6881533877002302
0.9995405064042451,0.6884432671607716
0.999542804629145,0.68863862720538
0.9995502448535892,0.6892911285293313
0.9995525632966621,0.6894161914437553
0.9995568663611689,0.6902889636616799
0.9995578383056117,0.6904427865351495
0.9995582859240758,0.6917011210486133
0.9995623207017268,0.6918056626825897
0.9995670469609007,0.692431295477155
0.999567456650418,0.692703026143989
0.9995679777934087,0.6935909153664197
0.9995695538720804,0.693772381252002
0.9995710433760199,0.6941637321118981
0.999572120503058,0.6951794291850735
0.9995735463644183,0.6952069174069027
0.9995772425890729,0.6956058221262551
0.9995792391464782,0.6956291684221931
0.9995801774997041,0.6965247459474828
0.9995805481898664,0.6968309645905688
0.9995829956390043,0.6968354079825791
0.9995856005792442,0.697743853404841
0.9995907209473932,0.6979852214743119
0.9995923816387107,0.6983245072587925
0.9995952656533966,0.6988700388358623
0.999596475716244,0.6994534683003394
0.9995985833167482,0.6998099290242155
0.9995989054653318,0.7002693959833919
0.9996002158550247,0.7014301971834502
0.9996004681342262,0.7015541911449699
0.9996023671413691,0.7024072545596058
0.9996024221497958,0.7026229110544222
0.9996073782069018,0.7028710302306906
0.9996081222698588,0.7033173531723051
0.9996086247917259,0.7033259938884956
0.9996087402100847,0.7035095830891
0.9996142820935078,0.7037101981548002
0.9996192722676084,0.7046705203422623
0.9996225292984656,0.7052559672416587
0.9996233687161719,0.7056045599711331
0.9996243523122441,0.706046900529129
0.9996282826246038,0.7062781494882577
0.9996324892490293,0.7082783259136207
0.9996392993006129,0.7095251306024353
0.999642153994236,0.710103785664767
0.9996472042870538,0.7101494132378446
0.9996484178162299,0.7103516411583992
0.9996497041577109,0.7106317744492735
0.999651885423652,0.7115169512788034
0.9996537700708625,0.7115859676218548
0.9996550812347924,0.7118453884743736
0.9996579452841868,0.71184808126353
0.9996582037086085,0.7123950030243655
0.9996600012770653,0.7129048974713574
0.9996623690749039,0.7129721208967965
0.9996656206671197,0.713982436169551
0.9996671882265394,0.7142687808624317
0.9996684207553282,0.7147593834691048
0.9996749152987066,0.7168462835898012
0.9996767228476592,0.7176551887749394
0.9996874521211013,0.7194788758454044
0.9996904560470079,0.7194986185722295
0.9996924767352589,0.7197904094083808
0.9996932846999822,0.7198288963231854
0.9996940380708901,0.7213420973534619
0.9996949481160884,0.7218944998557539
0.9996995138636798,0.7222979605681739
0.9997067072644384,0.7228133867180631
0.9997075796450551,0.7230155265218614
0.9997078576066372,0.7230772150016636
0.999714590349698,0.7233139853774813
0.9997176029414689,0.7235525477136437
0.999717966466014,0.7236600147991341
0.9997184469780774,0.7238014354654334
0.9997195338988177,0.7241438647808223
0.9997203677448774,0.7242891274351122
0.9997203763775807,0.7248589996052384
0.999720668276247,0.7249377153320782
0.9997219146460957,0.7249934578723147
0.9997219670583434,0.7273009984692342
0.9997234530434815,0.7277106772452955
0.9997238652370671,0.7277217543788329
0.9997238848279547,0.7285356456912658
0.9997262965048993,0.7285747604271409
0.999728212584811,0.7293961385077747
0.999733022644941,0.7294819521381305
0.9997333989454842,0.7300586448144477
0.9997337191682606,0.730686088637172
0.9997339838109582,0.7310283539544766
0.9997348957511355,0.7312696283825643
0.9997362933721119,0.7314918147275162
0.9997368471816757,0.7323904577864075
0.9997377600700016,0.7328639461623208
0.9997431398774508,0.7337581112141611
0.9997452063238051,0.734167693086617
0.999745754692238,0.73425910519595
0.9997492473452178,0.735488569252853
0.9997498117768148,0.7358732792233904
0.9997498335606853,0.7381593624142329
0.9997507456434807,0.7383471118512026
0.9997509513584287,0.7386993548533924
0.9997579532976195,0.738712979940586
0.9997609036861723,0.7388311095194238
0.999761355847015,0.7391543331031163
0.9997614982373224,0.7392281022920183
0.9997627011410877,0.7406495474329102
0.9997627983709811,0.7425672760709565
0.9997635321720473,0.7434541187262937
0.9997646933529887,0.7440819567397063
0.9997654867668159,0.7443946003863262
0.9997672804729283,0.7456788742976259
0.9997685514283171,0.7458741785441454
0.9997706983434779,0.7474735108143101
0.999771434720372,0.7485513762733723
0.9997719973995132,0.7487756274568045
0.9997725861817297,0.7498893044484443
0.9997746852069996,0.7498945277010327
0.9997782192646398,0.749929388556803
0.9997786152598221,0.7499429025187397
0.9997787319383806,0.7499520801744715
0.9997787508408216,0.7502817384407588
0.9997805155017279,0.7526160622167629
0.9997806358078409,0.7527921165104854
0.999781652700272,0.7534580112032048
0.9997820181092926,0.7535874788953401
0.9997821900968556,0.7538969318463375
0.9997824005132585,0.754230986272635
0.9997828343706657,0.7551656638895878
0.9997848161521536,0.7561368389177817
0.9997853948828513,0.756174023454661
0.9997858096236978,0.7561815552605231
0.9997862687989866,0.7562610903171314
0.9997877067700929,0.7565154830221386
0.9997881801116215,0.7568236668807328
0.9997881873430542,0.7569156459585791
0.9997894295407069,0.7575947692712316
0.9997909909781321,0.7580804014348018
0.9997923847857222,0.7586727666029175
0.999793566112958,0.7586967730077441
0.9997936932150522,0.7587456624323627
0.9997946683245499,0.7588145940865352
0.9997969860803936,0.7590970074250895
0.9997974659609089,0.7593730925638553
0.9997977443793743,0.7602109957832639
0.9997993250236495,0.7604046671079084
0.9997994881411449,0.7613540971783758
0.9997994951273229,0.7617312465009445
0.9997996437916322,0.7617965997086871
0.9998002628198992,0.7618048068086087
0.9998009670238446,0.7619354756262391
0.9998013819542076,0.7619617795821457
0.9998039044119919,0.7621710899286435
0.9998044985853084,0.7630052124880986
0.9998045703536835,0.7630569696488939
0.9998047917075056,0.7633794476490503
0.9998054350314627,0.7634757231550293
0.9998056492073899,0.7639845494761335
0.999806356968179,0.7649684360331046
0.9998079399195048,0.7652486891843966
0.9998080472343783,0.7655092393289479
0.9998082357839051,0.7656662768645055
0.9998090455525629,0.7657329345770005
0.9998108034497295,0.7658686505861758
0.9998108289125845,0.7660511929509535
0.9998116141370342,0.7666078426866565
0.9998120328084389,0.7673416214250499
0.999812790539135,0.7678885052102723
0.9998128898932742,0.7683413178757614
0.9998131583091037,0.7687640601758567
0.9998146566200892,0.7694448041212143
0.9998153250330633,0.7701897245652295
0.9998158355786181,0.7702829825561603
0.9998180837653209,0.7703712953552433
0.9998184334417669,0.7704389900760976
0.9998193273560271,0.7712857354313915
0.999820156261724,0.7713326781554642
0.9998204485590879,0.7722059239741076
0.999821096956223,0.7723151134069359
0.9998211820667057,0.7729772562737361
0.9998227524034513,0.7732910360402718
0.999823624251968,0.7733136194168548
0.9998241820101765,0.7733945311626924
0.9998248528752601,0.7737768262713267
0.9998253304454415,0.7738385496559317
0.9998258944536713,0.7742297241331206
0.9998279117188078,0.7743929260033608
0.9998291884003521,0.7748619815332698
0.9998299734624072,0.7754058672805979
0.9998346814185255,0.7757037184076873
0.9998351930844943,0.7757832382037955
0.9998357559353628,0.776105585284665
0.9998369353023937,0.7767249048597771
0.9998369580842273,0.7769792994572232
0.9998371372116354,0.7771686293832888
0.9998383221624753,0.7773013241299053
0.9998406380688948,0.7773646308480797
0.9998411008043092,0.777365771950133
0.9998416003395173,0.7774391419072477
0.999841634498548,0.777457803543661
0.9998417881423641,0.777863419268354
0.9998419022508529,0.7779253905227346
0.9998422800451283,0.7782993928373589
0.9998427593054341,0.7784111907821107
0.9998430461256775,0.7792546313373697
0.9998436523185601,0.7818582693726914
0.99984422579379,0.7824223077983513
0.9998459845518596,0.7830481578929182
0.9998472732098024,0.783392577496514
0.9998473822864544,0.7840553364930464
0.999848811889345,0.7841739130483034
0.9998494276822786,0.7843205494862803
0.9998494587192939,0.7846380218528265
0.9998500807545468,0.7847260319329638
0.9998527716979965,0.7850874882539027
0.9998529044518087,0.7855046390084871
0.9998529951898288,0.7855200456378342
0.9998530130805736,0.7855588173995494
0.9998531097589676,0.7870058317095855
0.9998533368704174,0.7870183722292607
0.9998533969884671,0.7876855260170309
0.9998539896483911,0.7881639609459186
0.999854460983245,0.7882677360820232
0.9998554880981791,0.789662425584825
0.9998568908277808,0.7897009597755243
0.9998572067045906,0.7897468599580648
0.9998589837265335,0.7902591530065148
0.9998597678164792,0.7905426257783442
0.9998613860799228,0.7905583805127185
0.9998617490898402,0.7906248806704783
0.9998622903010057,0.7909656156677842
0.9998624393220423,0.7911191381864122
0.9998629572396808,0.7913337789763135
0.9998630396287531,0.7915793210161075
0.9998661706873352,0.7917575305685184
0.9998665643002821,0.7920479198625433
0.9998667097207811,0.7921735337511784
0.9998668945473514,0.7929578604290874
0.9998672386450574,0.7936476226864948
0.9998679253509258,0.7941796489297637
0.9998680709854199,0.794305924069624
0.9998680943840357,0.7943463839972154
0.9998682105622113,0.794844133454446
0.9998686966753716,0.7950183630886328
0.9998688333624071,0.7953522515787117
0.9998688726578192,0.7962569935021436
0.9998692779860132,0.7969796301550472
0.9998693273825522,0.7972910896316957
0.9998703940099662,0.7985009684764347
0.9998721819331005,0.7991463289089253
0.999873035289566,0.7998125983200306
0.9998734597922324,0.799921861053006
0.999873631080872,0.7999657479628959
0.9998738723929963,0.8003982135124199
0.9998741216083953,0.8011022321481778
0.9998742320472452,0.8011125323640675
0.9998748271060538,0.8011465161362861
0.9998756511339852,0.8014295413769941
0.9998759963885816,0.8018397867277406
0.9998761894965481,0.8019621567037383
0.9998762046376279,0.8024368697412667
0.9998763997599525,0.8026046425624384
0.9998771234296819,0.802676028066154
0.9998773945909404,0.8027892408046609
0.9998788274502234,0.8027967319127787
0.9998788453400321,0.8035462040646619
0.9998789934039327,0.8039643150464049
0.999879531874685,0.8041777145619955
0.9998801469558136,0.8043892995855968
0.9998816375498649,0.8048009645168221
0.9998818936810644,0.805012482258598
0.9998831033699299,0.8056552618268314
0.9998833702263993,0.8058510080270016
0.9998839725443958,0.8069069092071812
0.9998850395050866,0.8069442129866318
0.9998864260520115,0.807407467655388
0.999886558309646,0.8082836258135235
0.999887500309999,0.8084580034901339
0.9998882684108249,0.808521940801707
0.9998891010292402,0.8085743781912491
0.9998891930895071,0.8086198622964604
0.9998896821782397,0.808687154966028
0.9998897347340462,0.8088266307328092
0.9998900808059078,0.8089705016430351
0.9998906387517023,0.80900166912508
0.999890648697069,0.8094903459437415
0.9998912132936879,0.8095667341235397
0.9998913586057584,0.809761297597646
0.9998921664113033,0.810032299594781
0.9998924416168388,0.8105818450857474
0.9998927003456968,0.8106047097413889
0.9998935332991973,0.8109209077352992
0.9998937083403735,0.8110191862827989
0.9998938778336134,0.8114216525610563
0.9998941247070616,0.8122487724898431
0.9998941518637803,0.8129618455984033
0.9998943015565366,0.813010571411965
0.9998949555286966,0.81317896619305
0.9998949595767608,0.8140758793950476
0.9998957640572114,0.8142183713793922
0.9998960579337708,0.8143626703454819
0.9998964176510284,0.8148488587240257
0.9998965998994443,0.8151815540183522
0.999897215874337,0.8152385691180417
0.9998979459615781,0.8156404676031873
0.9998980236920668,0.8156432278524844
0.9998980530085446,0.8157909012625102
0.9998983969832448,0.8157929720918465
0.9998985734073015,0.8158879237146984
0.9998988903480018,0.8163010762233829
0.9998992633433442,0.8166348450277616
0.999900024037944,0.81705042971502
0.9999003171783952,0.8172081836921322
0.9999004504406025,0.8172867027836401
0.9999013012711825,0.8173620237149235
0.9999014195122373,0.818165770311938
0.9999025854043773,0.8184633594072205
0.9999027416643257,0.8184654896643356
0.999902781544932,0.8185733114713041
0.9999034942114803,0.8187835467227228
0.9999035997957532,0.818869604514721
0.999904055622898,0.8189784077520528
0.9999041405576328,0.819473567249353
0.999904269248887,0.820258107865452
0.9999047028279189,0.8206052970577326
0.9999060686954486,0.8210679586347553
0.999906078170181,0.8212348308312233
0.9999063842823365,0.8215049423115057
0.9999070464137649,0.8216220299758938
0.9999071104374592,0.821706331957942
0.9999072458085456,0.8222206418349254
0.999907430623095,0.8223133467468062
0.9999075833620562,0.8224078462859028
0.9999079478456676,0.8224854555140808
0.9999086290486486,0.8226308151469778
0.9999089101356944,0.8229016525958909
0.9999092410820691,0.8229178594540069
0.9999092627757639,0.8233213182347275
0.9999095376840066,0.8233731465224712
0.9999104299005294,0.8233981807287584
0.9999105076772168,0.8235947247744738
0.9999107156938412,0.8237153775783037
0.9999107561446334,0.8238076564561462
0.9999112187004693,0.8240173162253327
0.9999115546768425,0.8241260220613013
0.9999116855391609,0.8242793700903551
0.999911709944144,0.8243709636992587
0.9999119619638971,0.8246449745736524
0.9999123956196425,0.8246490402472875
0.99991276955538,0.8250617227285743
0.999913081789647,0.8254784656746909
0.9999132039652472,0.8256109216838521
0.9999136612244064,0.8256523149461032
0.9999139386535653,0.8256539454193462
0.9999142870031584,0.8258645637953845
0.9999145162188955,0.8265288284156188
0.9999145439301742,0.8266326348320867
0.9999152117650797,0.8266761942329367
0.9999168002339817,0.8266911711434244
0.9999176040016857,0.8270654795509781
0.9999177605196732,0.8271589454944827
0.9999178691387564,0.8278630918704782
0.9999179657704298,0.8279058777647763
0.9999181482059957,0.8280036326769956
0.9999181581912702,0.8281266800455331
0.9999182870736303,0.8284769306690775
0.999918289699819,0.8285559130892373
0.9999182986374101,0.8286746342275024
0.9999183826658754,0.8288898757320677
0.999918616553639,0.828909044306827
0.9999196295474893,0.8292172084934866
0.9999196864646828,0.8292316986101466
0.9999197115967539,0.8298840795365526
0.9999212844354214,0.8300638978962677
0.9999213900640922,0.8301993372434571
0.999921703995875,0.8303283492572855
0.9999218273977026,0.8306146056438628
0.9999219364372318,0.8306829312677775
0.9999222783815772,0.8313467512797386
0.9999226321528342,0.8314272921433472
0.9999229270344351,0.8316584470227949
0.9999229836129552,0.8316797159262299
0.9999230251784985,0.8317117741849878
0.9999231317152729,0.8323777880309087
0.9999233979053871,0.8323920823700345
0.9999234874367362,0.8324098837192916
0.9999238589821073,0.8324263906751495
0.9999240705643463,0.8332269000062199
0.9999241351917968,0.8333224630850211
0.9999245665968937,0.8334305408911269
0.999924771583926,0.8342327828809702
0.9999263289859222,0.8343208105382303
0.9999264078314789,0.8345912811403584
0.999926770190598,0.8361909807264692
0.9999269508899191,0.836289380952183
0.9999270815227178,0.8363100776529228
0.9999273696899605,0.8364275013129737
0.9999284299807617,0.8364641821686599
0.9999291594378704,0.8365317124955257
0.9999295988034427,0.8368947919404339
0.9999297232545908,0.837080941358241
0.999929803645074,0.8372306297234761
0.9999299064247894,0.8379508012998893
0.9999299322578535,0.8381431004771758
0.9999299377054326,0.8386441911348779
0.9999299548163466,0.8386854084193396
0.9999304290584636,0.8387932042626157
0.9999306091469339,0.8387942598574932
0.9999310996193977,0.8389076434995473
0.9999311263636349,0.8390450075039264
0.9999312177769969,0.8390701692383258
0.9999318898878937,0.8394413243297408
0.9999320333485141,0.8396785846149575
0.9999321339141343,0.8397067213796705
0.9999323800986317,0.8397402223907047
0.9999323939028131,0.8400701146162681
0.9999323945245939,0.8402130534062646
0.9999326442824897,0.8408486532488422
0.9999326955736209,0.8408536504482279
0.9999336487144455,0.8412235333458413
0.9999336598999903,0.8415262424216956
0.9999338765046174,0.8418782207963541
0.9999339278937818,0.8419487168722105
0.9999344058678409,0.8423732143912426
0.9999346432230054,0.8430981116500191
0.9999351592985992,0.843135294378871
0.9999351631238561,0.843151540094935
0.999936020482108,0.843218058616346
0.9999365181173788,0.8437983976149247
0.9999369330888402,0.8445360312047505
0.999937050114462,0.8450698488949114
0.9999376533179367,0.8452390224191848
0.9999376840625024,0.8453130428129368
0.999937718962995,0.8454525648415956
0.9999377556180122,0.8454589036489691
0.9999377808227032,0.8455602442084506
0.9999379539059863,0.8456941376174929
0.9999380109238029,0.8460117190119
0.9999381739091553,0.8460916761887943
0.9999389533438552,0.8462419350074438
0.9999389912548159,0.8466015681543049
0.9999393623912799,0.8466353622091584
0.9999393896479623,0.8468488832121737
0.9999396640295475,0.8469864101324579
0.9999398751358685,0.8476414287926237
0.9999398891260826,0.8477270052552492
0.9999401148671887,0.8483018038493609
0.9999405580214814,0.8485616503550254
0.999940625379408,0.8486970822163251
0.9999409127179929,0.849058936171035
0.9999414510501039,0.8492083020607817
0.9999422163384638,0.8493781576780716
0.9999424388202871,0.8495840509342641
0.9999424953651055,0.8496786295207837
0.9999425279309989,0.8498271760974977
0.9999428869553947,0.8499584809940958
0.9999430330654812,0.8502106404416265
0.9999432999725528,0.8504016198145524
0.9999433800546194,0.8506722528507655
0.9999435754361292,0.8507080512226237
0.9999440586235985,0.8514926712539588
0.9999440652542011,0.8515353663802924
0.9999446991731327,0.851734377303285
0.9999447806884166,0.8518236125186821
0.9999448463370588,0.8520060553650592
0.9999449833930589,0.852060153294001
0.9999454976480361,0.852099145782766
0.9999460551350773,0.8525699920694252
0.9999465454779444,0.8527559927837092
0.9999467557953535,0.8528046716855403
0.9999468139567743,0.8529657512751029
0.9999468434403475,0.8535934065030949
0.9999470600335915,0.8536367219476191
0.9999470607887074,0.8540193268106698
0.9999475688739976,0.8542537604544865
0.9999477516413248,0.8542613668754856
0.9999479667638699,0.8546170766977117
0.9999485754273222,0.8546918069246755
0.9999487394883424,0.8548653079056272
0.9999488429211584,0.8550284783895032
0.9999488540428307,0.8555724240165822
0.9999497611596729,0.855657674129594
0.9999497707676425,0.8560495636794617
0.9999501925766744,0.8560850058747282
0.9999509964318751,0.8562268703058417
0.9999515591792212,0.8566806339510019
0.9999518526433464,0.8567350143832121
0.9999518612662349,0.8573974736535857
0.9999522032518486,0.8575362871006222
0.999952419107421,0.8575939663866137
0.9999531940752774,0.8578546995426543
0.9999535667738426,0.8579233289981534
0.9999541179784813,0.8580660858378902
0.9999543329094877,0.8581113549157648
0.9999544605667554,0.8582428994254968
0.9999545000073202,0.8583853667592545
0.9999546891326068,0.8585158465069076
0.9999552487959331,0.8588776955360069
0.9999553553918141,0.8590886408500222
0.9999560016469357,0.8593224880375976
0.9999560422422722,0.8599563800414156
0.9999563499024501,0.8600394050810651
0.9999563642409092,0.8603163371555167
0.9999563755997666,0.8607074733400565
0.9999564241427579,0.8608668363660216
0.9999565453464215,0.8610536566332507
0.9999569060045137,0.8611464993774927
0.9999571753847565,0.8612078804208159
0.9999571931904712,0.86129209932492
0.9999578432870332,0.8612984740612808
0.9999579037813183,0.8615758099686858
0.9999586193385399,0.8615838488084332
0.9999587203292284,0.8616701481236441
0.9999588049925133,0.8618982556024292
0.999959078903266,0.8619237233788695
0.999959122964598,0.8619404490637017
0.9999591241176652,0.8619788968641107
0.9999593580551708,0.8621432033124939
0.9999595220878258,0.8626735790131557
0.9999597384258215,0.8629517800535604
0.9999598060077366,0.8630334215494163
0.9999598138990439,0.8630519209039289
0.9999602492728136,0.8633345899716867
0.9999607511199753,0.8634961877700544
0.9999607756627461,0.8635799092979574
0.9999608341992443,0.8641953250375033
0.9999610102351496,0.8641999625849042
0.9999610178238036,0.8643262023329936
0.9999612426539786,0.8644806617601923
0.9999614652539293,0.864534764618667
0.9999615187152561,0.8652805548523762
0.9999615216191197,0.8653041438930322
0.9999615475293523,0.8655764567868565
0.999961655058395,0.8656307752806828
0.9999617606229172,0.8659251687186625
0.9999619655702363,0.8661549963840268
0.9999621248499558,0.8662476244043579
0.9999624782897292,0.8664085518464404
0.9999628623825304,0.8664478237022217
0.9999629638832517,0.8666623144710275
0.9999629907776885,0.8667581947174519
0.9999631753414655,0.8670433054875885
0.9999631880491965,0.8671925191106477
0.9999632435962487,0.8674493075114866
0.9999636681408987,0.8675061897852938
0.9999637548909839,0.8676373409506801
0.9999639269785825,0.8681916858201519
0.9999641451600803,0.8686775809484326
0.9999642801093038,0.8689618054812066
0.9999646086626771,0.8692055834656205
0.9999647680393305,0.8693176493117041
0.9999649001046925,0.8694959304472996
0.9999649229816588,0.869624272787345
0.9999649594843879,0.8702099564847752
0.9999654472476771,0.870243386036039
0.9999655321613858,0.8704587754556203
0.9999659031394882,0.8707448922086625
0.9999659440577071,0.8707581568259427
0.9999662480912394,0.8708431067306084
0.999966716741388,0.8709560597634373
0.9999667888837782,0.8710187243889893
0.9999671206986359,0.8710844565631403
0.9999672424740321,0.8712126543041142
0.9999672921615697,0.8713495299823428
0.9999673449557687,0.8714777929773658
0.999967373398175,0.8715940207061739
0.9999677892774883,0.8716752744492484
0.9999679958444939,0.8718030236821506
0.9999683509480445,0.8718880839693331
0.9999683583025953,0.872341211262399
0.9999684523898001,0.8724878908098348
0.9999688843557948,0.872860346372943
0.9999689896616544,0.8732664959151633
0.9999691006183988,0.8732688000584319
0.9999692525809407,0.8734580259607523
0.999969469127552,0.8734953210101449
0.9999694754604364,0.8736315667293174
0.9999695633328461,0.873655896447937
0.9999700649621178,0.8737205384677263
0.9999703811356425,0.873816523091097
0.999970654875227,0.8739545579945343
0.9999708733302071,0.8740049405669443
0.9999709136761302,0.8743843696985029
0.9999714176097579,0.874483343629366
0.9999716495306318,0.8744969982718368
0.9999717616921621,0.8747344464236722
0.9999717970765032,0.8749813508520866
0.9999718729335135,0.8750350528681619
0.9999723344805886,0.8752119060693524
0.9999724826293459,0.87541669254385
0.999972930507139,0.8755648494266756
0.9999730764249823,0.875649990132165
0.9999730985337842,0.8757852521228229
0.9999732248343305,0.8760634254307205
0.9999733264156662,0.8762367752079264
0.9999733808610438,0.8763400926539017
0.9999734440131941,0.8765072555135147
0.9999742570369048,0.8765276871545756
0.9999742653446149,0.8765563561177524
0.9999742776953857,0.876819276168638
0.9999743087572,0.8770455123984966
0.9999743381729042,0.8771288968803362
0.9999746454754646,0.8772572779313967
0.9999749668317351,0.8773521733471223
0.9999753165523001,0.8775378082919469
0.9999754818584065,0.8776128602308143
0.9999757563401256,0.8777009569943808
0.9999759406423882,0.8780593477375931
0.9999759726916355,0.8781128922494634
0.9999761284661002,0.8781516599354172
0.9999762085909746,0.8782143586709482
0.9999763108055121,0.8785246181930494
0.9999764253786827,0.8785373463016173
0.9999764536823178,0.8787269587079819
0.999976537408898,0.8787452117088079
0.9999765410394901,0.8788365324177196
0.9999770402282893,0.8790685947308692
0.9999771699648627,0.8790736756954238
0.9999772111309444,0.8790823001887891
0.9999772657270499,0.8790968694446436
0.9999774542397982,0.8791295153687112
0.9999777203805703,0.8791316773634723
0.9999777382597039,0.8793506637246195
0.9999777472759713,0.879574994662235
0.9999780907757553,0.8796337085903394
0.9999781744602622,0.8796750039609156
0.9999783579136194,0.8798135837100263
0.9999787142914219,0.8799731553768797
0.9999787692126046,0.8800667855681122
0.9999790155176964,0.8800721334390659
0.999979055876823,0.880633808799844
0.999979176201138,0.8806668159768238
0.999979354706023,0.8806783397424056
0.9999796048932703,0.8806870779679876
0.9999797588679187,0.8806906640762887
0.999979953396899,0.8807045325778816
0.9999799543968417,0.8810988787099794
0.9999799703561092,0.8815381534342672
0.9999802855981589,0.8815635277530132
0.9999803910841557,0.8816011404557279
0.9999804209910188,0.8816974297891373
0.9999805243564421,0.881980829751579
0.9999805668723267,0.8820729143083839
0.9999805968588551,0.882284659194395
0.9999806791174893,0.8822956917093248
0.9999806923071644,0.8825587635058985
0.9999806963550745,0.8825743311483665
0.9999807484968907,0.8826489799756153
0.9999807522399385,0.8832434509741434
0.9999808256067249,0.8832822804815667
0.999980947485637,0.8834746938290112
0.9999809804429718,0.8835437976344422
0.9999810629159109,0.8836288208406112
0.9999811335769657,0.8836366944161826
0.9999811508772997,0.8836541361746313
0.9999811926789369,0.883703090595933
0.9999812069276031,0.8838561480185805
0.9999812248593345,0.8842149630093157
0.9999812608853665,0.8843034713778447
0.9999813889413595,0.8843684702678025
0.9999814904283354,0.8844762078883979
0.9999814924467505,0.8844827329155941
0.9999815600004934,0.884789427893
0.9999817903325092,0.8848075938553449
0.9999821264320127,0.8851698595946234
0.9999821355002136,0.8852157540079287
0.999982194671835,0.8852422747108678
0.9999821986574906,0.8853211375817333
0.9999822566669436,0.8854510186404861
0.9999823079132926,0.885674680753484
0.9999824846368092,0.8857681978252272
0.9999824940611941,0.8857937117648577
0.999982499271044,0.8858379998559189
0.9999826138611629,0.8858591025697468
0.9999826767272053,0.8859199185851178
0.9999826792816974,0.8859628203095776
0.999982848385212,0.8861050509875953
0.9999828624323739,0.8861777908822076
0.9999830803840788,0.8862856480081818
0.9999832867677952,0.8865333334991188
0.999983387327092,0.8869696182750255
0.9999834330612389,0.8869920158808995
0.9999838480698202,0.8871114709155483
0.9999838502909881,0.8872278646896766
0.9999841294389413,0.8876718262756496
0.9999841912091516,0.8878955212014823
0.9999842089069242,0.8881269718833422
0.999984299081307,0.8885130536718592
0.9999843862351455,0.8889048372746272
0.9999844287312055,0.8889240771958082
0.9999845618823375,0.8889495458994652
0.9999846017876961,0.8889938095866571
0.9999848447000376,0.8891230943092041
0.9999848908236475,0.8891261966808646
0.9999852270186669,0.8891960303668776
0.9999852325585621,0.8895010859671499
0.9999852897268553,0.8897194864301722
0.9999853192810706,0.8897635033198976
0.9999853297898164,0.8898788670708772
0.9999854351324531,0.8898879499638955
0.9999854930675128,0.8900257821462579
0.9999854991295095,0.8901611754715488
0.9999855099600692,0.8901615533442102
0.9999855126778969,0.8902967675849747
0.9999855535413226,0.8907568538667532
0.9999856052827786,0.8909312883970857
0.999985615998754,0.8909824308175639
0.9999856247756949,0.8910214974956883
0.9999856815471713,0.8910352244007347
0.999985702380971,0.8910666141786577
0.9999857353174785,0.8913557198654467
0.9999857371866198,0.891638176200227
0.9999857387877444,0.8916823726080427
0.9999857519665337,0.8919424937423487
0.999985875102245,0.8920013310724063
0.9999858809845309,0.8920132599061156
0.9999860286409386,0.8921365280999752
0.9999860514730492,0.8923047089302223
0.999986082609533,0.8925040356999895
0.9999861513432938,0.8928490421752829
0.9999862733202562,0.8930211202551708
0.9999864566520591,0.8931752443143641
0.9999865113662184,0.8932352261755646
0.9999865336022837,0.8933758853378571
0.9999865366516534,0.8934220153134236
0.9999866282271573,0.8934830864496138
0.9999866299016519,0.8935390433210645
0.9999866660826516,0.8936271142811382
0.9999866956214545,0.893656642606138
0.9999867647777563,0.8938325379062716
0.999986964123787,0.8939274254749368
0.9999869883593397,0.8940441058040534
0.9999870470168137,0.8941886001666434
0.9999871730805397,0.8942498225626911
0.9999871963972541,0.8945624851063179
0.9999871972100093,0.8947320556625038
0.9999872317641411,0.8947490248909368
0.999987427490817,0.8947545813341726
0.9999875965577751,0.894806656634858
0.9999876839529189,0.8948550184865416
0.999987781683254,0.894904630952123
0.9999877963966872,0.8949806816600667
0.9999878035858337,0.8953320124516966
0.9999878557633672,0.8955314251612438
0.9999879220270022,0.8957535495623863
0.9999879304957521,0.8957761949612855
0.9999879572538666,0.8958774317775768
0.9999879827089182,0.8959226600414806
0.9999880229374088,0.8961306707074079
0.9999880277486868,0.8961368213329931
0.9999882121483018,0.896177976039606
0.9999882364023217,0.8961824889707758
0.9999883927176811,0.896206946756948
0.9999884257235765,0.8963163739249711
0.9999884665114774,0.8963456951823383
0.9999885388329216,0.896888178650364
0.9999885971533988,0.8969862149935149
0.999988611810466,0.8975990179794778
0.9999886384838381,0.8975992869249682
0.9999887411941386,0.8980000955491878
0.9999889109055495,0.8980409952389904
0.9999889154291817,0.8981361071339957
0.9999889418705413,0.8984551536800014
0.9999890457641989,0.8986044893027657
0.999989065718126,0.8986813650817608
0.9999890919175216,0.8987824325941408
0.9999891216765285,0.8989723758202385
0.9999892775118632,0.8997939087175911
0.9999892861283173,0.8998498482641255
0.9999892882033123,0.8998816780825857
0.9999893300070832,0.8999297838709547
0.999989428908376,0.9001465166921342
0.9999894729678813,0.9001831600207698
0.9999895002952482,0.9004267643766781
0.999989521641988,0.9004961091854597
0.9999895543195337,0.9006717470308236
0.9999895653617217,0.9008013302370239
0.999989586704688,0.9009123949492646
0.999989614985628,0.9010766373098866
0.999989625339997,0.9010768341969135
0.9999896277303681,0.9011255446692354
0.9999896596597626,0.9011356702045937
0.9999896814938912,0.9018640049530979
0.9999896975541174,0.9021449937180414
0.9999897226634467,0.9022540056671503
0.999989847613048,0.9023294444194229
0.9999899560294586,0.9025735046622612
0.9999900240616464,0.9026411540844101
0.9999900345863715,0.9028720475684445
0.9999900640203819,0.9029294445358801
0.9999901338111722,0.9030004443836326
0.9999901366059823,0.903282955900615
0.9999901639461907,0.9033636020494986
0.9999901764251137,0.9035098612869245
0.9999903099217651,0.9036555965385524
0.9999903183755244,0.903720460400283
0.9999903333081934,0.9038473432533412
0.9999903518823267,0.9039361851601448
0.9999904501888778,0.9042614230337342
0.9999904626925332,0.9042718950317359
0.9999906051121799,0.9043014986150317
0.9999906682894241,0.9046038653678958
0.9999907337361861,0.904695274253325
0.9999908243055277,0.9047344736337848
0.9999908433958472,0.9047562654422961
0.999990894648794,0.9048863239958516
0.9999910415650859,0.9049938432593034
0.9999910961353992,0.9050480265762384
0.9999911659105865,0.9051367273981676
0.9999911933313094,0.905146023263673
0.9999911964504286,0.9052829226126033
0.9999912225156974,0.9055127637999484
0.999991230761576,0.9056678130438214
0.999991256597279,0.9058121980781575
0.9999912969247571,0.9058909997022179
0.9999913320545896,0.9059150127944497
0.9999913790160123,0.9059610809333756
0.9999914244973973,0.9059689331045387
0.9999914996784945,0.9060047751970386
0.9999915069205216,0.9060162675216317
0.999991533743904,0.9061020421685315
0.9999915582262736,0.906182355661227
0.9999915629066989,0.906351010827064
0.999991575488307,0.9063799818054686
0.9999916199118993,0.9064120372477544
0.9999916232656241,0.906547992695225
0.9999916248862123,0.9065788689518662
0.9999916571298769,0.9066088749056166
0.9999916870706156,0.9066384956170985
0.9999916992409738,0.906723304839244
0.9999917981634411,0.9069038813218999
0.9999918371933763,0.9069844907968042
0.9999918394227142,0.9071296070377771
0.9999918697737523,0.9072998721091212
0.9999919281890094,0.90743906387226
0.9999919313354686,0.9074513619871435
0.9999919519518523,0.907529028323894
0.9999919647303491,0.9076373255978555
0.9999920019824888,0.907664220860385
0.9999920060271738,0.9078811916235169
0.9999920382171011,0.9079514403996609
0.9999921064662664,0.9079707076707635
0.9999921153116115,0.9080158655736064
0.9999921195407401,0.9081066287340761
0.9999921413716412,0.9081827129381717
0.999992180690403,0.9082379013004257
0.9999923034538389,0.9082734939361274
0.9999923078790527,0.9083543398113759
0.9999923244808824,0.9084148518716322
0.9999923355386828,0.908420099735372
0.9999924515370362,0.9085536101131828
0.9999924866390418,0.9087274907704195
0.9999926841865342,0.9087456720808691
0.9999926930047821,0.9088464742569935
0.9999927002701966,0.909091363575427
0.9999927042587687,0.9091391634515059
0.9999927217150003,0.909146177146182
0.9999927222936421,0.9091630690079712
0.9999927326612037,0.9092470716634984
0.9999927500714597,0.909251795893505
0.9999928244785612,0.9093726383896507
0.999992918971225,0.9094883695999181
0.9999929196674124,0.9095621783962159
0.9999929232281133,0.9096673023322458
0.999992961884546,0.9100264899302375
0.9999929997403061,0.9100920805248958
0.9999930317312552,0.9101836931510223
0.9999931273637472,0.910644248214304
0.9999932735507356,0.9106791645286265
0.9999933716424758,0.910915994264585
0.9999933746218547,0.9109464972809259
0.9999934729323232,0.9109567251224414
0.999993509085763,0.911093115171171
0.9999935635592765,0.9111411179927561
0.9999935709484117,0.9111876318208002
0.999993584226381,0.9112308513256602
0.9999935897102964,0.9114408032446971
0.9999937216422078,0.9116442978309367
0.999993803456962,0.911720847894626
0.9999938225643595,0.9117283310393169
0.9999938485080866,0.9121239226817689
0.9999939199403584,0.9122382972100955
0.9999939380677261,0.9123139395680706
0.9999939656936572,0.9123976108745715
0.9999940296514488,0.9124210783707601
0.9999941099904379,0.9125103963994066
0.99999421863043,0.9125191630977114
0.9999942308748693,0.9125233884209925
0.9999943430659066,0.9125465897953702
0.9999943842550348,0.9125970374214734
0.9999943853176666,0.9126357624666305
0.9999944046073842,0.9127010908312724
0.9999944510307754,0.9127328727004473
0.9999944654206909,0.9128730093032646
0.9999944742932192,0.9128788767531656
0.9999944937668188,0.9129592960497597
0.9999945169915819,0.9130110257317077
0.9999945404064212,0.9130782844759944
0.9999945454207984,0.9133645674562164
0.9999945574408388,0.9134671178076504
0.9999945688329717,0.9137685070467434
0.9999945950448641,0.9141527428618379
0.9999946416868968,0.9142209970826136
0.9999946600185439,0.9145694502230824
0.9999946766799795,0.9146045609649253
0.9999946928600917,0.914619174754058
0.9999947285990877,0.9146420743510645
0.9999947533562744,0.914686672825703
0.9999947625937516,0.9147230205330198
0.9999948828756363,0.9147241933136864
0.9999948855533476,0.914744967145906
0.9999949719566541,0.9149337023751036
0.9999949998705554,0.9149352322379356
0.9999950057806954,0.9150705697582221
0.9999950333527329,0.9151568207910119
0.9999950343199171,0.915219632867567
0.9999950394618755,0.9152478855505535
0.9999950737715275,0.9153155492271191
0.9999950911977497,0.9153222841125304
0.9999951015315701,0.9154157899381178
0.9999951540674159,0.9154215578918011
0.9999951566853673,0.915482318910978
0.9999951593182542,0.9155263896064808
0.9999951947615917,0.9157129905768041
0.999995236258193,0.9158274131693391
0.9999952895980212,0.9158438532050438
0.9999953367900845,0.9158900787718541
0.9999953505794831,0.915901614185575
0.99999535637299,0.9160841968385577
0.9999953681444613,0.9161338849834302
0.999995371250798,0.9161349609906569
0.9999954402760011,0.9161815956003954
0.9999954732255587,0.9161902197237325
0.9999955192725293,0.9161957627750135
0.9999955326619756,0.9162716365509044
0.9999955658229618,0.9165878799402386
0.9999956121711113,0.9166691184429592
0.9999956131086603,0.9168487032814124
0.9999956636240652,0.9169502084031218
0.9999956989985023,0.9171112981719827
0.999995735273167,0.917111901104202
0.9999957420858527,0.917199125735804
0.9999957454806393,0.9172630581460163
0.9999957679132069,0.917295530094002
0.9999957929630137,0.9173049410393411
0.9999958078949097,0.9173131477313016
0.9999958254242123,0.9173605503291464
0.9999958971680117,0.9173717729864701
0.9999959100131051,0.9174895253761072
0.99999591663251,0.9175189852085304
0.9999959411873985,0.9175461887702121
0.9999959495412215,0.9176260201939332
0.9999959675764007,0.9177008131722584
0.9999959961419023,0.9178022329421386
0.9999960007142228,0.9178437227752373
0.9999960127775561,0.9179378437322445
0.9999960637337642,0.918252981027821
0.9999960656466003,0.9184619619435194
0.9999960681708263,0.9184772379512669
0.999996071097753,0.9185234974466799
0.9999960740849986,0.9186122311016779
0.999996077159446,0.9186255125979216
0.9999960843791059,0.9187563444320509
0.9999961388998531,0.9189898210445935
0.999996272915165,0.9190452202184011
0.9999962810391548,0.9193074480654482
0.9999962950259635,0.9193220023983093
0.9999963020307662,0.9193316746078642
0.9999963368194285,0.9193957792720321
0.9999963376165502,0.91941882999479
0.9999963917635829,0.9194430723258664
0.9999964004040948,0.9194731801275333
0.9999964185033521,0.9197549002828211
0.999996419795937,0.9197813270813683
0.9999964437155835,0.9198276121376772
0.999996455909939,0.9199665143171873
0.9999964593623012,0.9199947543001281
0.9999964635447487,0.9200097899642204
0.9999964760795297,0.9200130954053414
0.9999964764883054,0.9201083085249079
0.9999964875813631,0.9201875688435152
0.9999964894368889,0.9204691649412997
0.999996594697352,0.9206871360086579
0.9999966406321813,0.9207284688638747
0.9999967258571593,0.921060765688959
0.9999967573126302,0.9211227744746459
0.9999967770547947,0.9211561445827677
0.9999968102373735,0.9211634532525469
0.9999968310952438,0.9212744498098625
0.9999968391420517,0.9213393429240846
0.9999968545413731,0.9213438269873556
0.9999968869549871,0.9215332549796973
0.9999969028756345,0.9216618585692237
0.9999969261098883,0.9217524698309694
0.999997001470733,0.9217724083670953
0.9999970592968405,0.9218159746793554
0.9999970688184916,0.9218269082487264
0.9999971459869968,0.9218387236753494
0.9999971597337329,0.9218792582571227
0.9999973136040452,0.9219015591224669
0.9999973689392511,0.9219559978106247
0.9999973752813849,0.9220189589612171
0.9999975482354707,0.9221751107038793
0.9999976254080853,0.9222127062794003
0.9999976679532778,0.9223137417731307
0.9999978195460086,0.9223471490579835
0.9999978780673158,0.9223811836050139
0.9999978889986769,0.9224036452946931
0.9999980223586542,0.922470999658679
0.9999980874237706,0.9225607397253717
0.9999981636059666,0.922592865425493
0.9999981875890687,0.9226930543201004
0.9999983312314809,0.9227073065035024
0.9999985887001899,0.9227088046104976
0,0.922807743996152
0,0.9228498225494536
0,0.9228679420848254
0,0.922909122302134
0,0.922917580222395
0,0.9229293539061927
0,0.9229927215045077
0,0.9230234146152869
0,0.9230270003870861
0,0.9231209422957044
0,0.9231398646560647
0,0.9231711341040258
0,0.9231885189270957
0,0.923472167670135
0,0.9234791844415841
0,0.923558053240436
0,0.9236454067286138
0,0.9237935659246995
0,0.9238856508431776
0,0.9240255606265229
0,0.9240773281134136
0,0.9241085816140163
0,0.9241383973504278
0,0.9241618224430564
0,0.9242980283367715
0,0.9243120884546403
0,0.9243960072428918
0,0.9246224598951975
0,0.9246276958940202
0,0.9246427044389101
0,0.9246916251717517
0,0.9247050380614744
0,0.9247381887529232
0,0.9248938635636957
0,0.9249045657577756
0,0.9249196314170052
0,0.9249300359472895
0,0.9251039459782843
0,0.9252128091451761
0,0.9252374945544966
0,0.9253696528894434
0,0.925416455420861
0,0.9256566743430631
0,0.9257225139743832
0,0.925729026422669
0,0.9257742430637731
0,0.9259816389695065
0,0.9260269729022472
0,0.9260370848889619
0,0.926110825555537
0,0.9261173156550103
0,0.9263841111184338
0,0.9264089836381211
0,0.9264750900953177
0,0.9265776464106887
0,0.9266160925292508
0,0.9266901076534957
0,0.9266947494413055
0,0.9266975310544909
0,0.926738859338788
0,0.9267425406029535
0,0.9267442480520922
0,0.9267579651720474
0,0.9267818875037962
0,0.9268473174435264
0,0.9268517078215126
0,0.926884834893487
0,0.926886226161287
0,0.9269113132455139
0,0.9269150946555695
0,0.9269458904127033
0,0.9270715550216713
0,0.9271537849428849
0,0.9271684977561239
0,0.9273462886032096
0,0.9274103968493758
0,0.9274332516624925
0,0.9274506580266979
0,0.9274899765110683
0,0.9275417834773474
0,0.9275824648779297
0,0.9277008547511797
0,0.9277040701615284
0,0.9277875035538441
0,0.9278384645792128
0,0.9279649782438705
0,0.9280078802503897
0,0.9280231844469292
0,0.9281025266842007
0,0.9281254848809084
0,0.9281307724682394
0,0.9281540246427094
0,0.928210645904831
0,0.9282306350838645
0,0.9282364700872395
0,0.928288793695002
0,0.9284291762137803
0,0.9285290961557582
0,0.9288113851582623
0,0.9289383379782071
0,0.929076821819916
0,0.9290978728309578
0,0.9291241708701854
0,0.9292417027746287
0,0.9292854571669356
0,0.9293458819489733
0,0.9294183229963209
0,0.92943068667733
0,0.9294970403763819
0,0.9295148244228182
0,0.9295414848118826
0,0.9297014693221338
0,0.9297407403660295
0,0.9297804997753892
0,0.9298847745962093
0,0.9299517826545656
0,0.9300035185471706
0,0.9300797275117973
0,0.9301828693867755
0,0.9302293874273769
0,0.9302649335756378
0,0.9303110156441338
0,0.9303177637568107
0,0.9305067649653703
0,0.9305199436409102
0,0.9306801721137249
0,0.9308276927770576
0,0.9308389642836443
0,0.9308547828019526
0,0.9308749511188057
0,0.9309066770216112
0,0.9310182407237749
0,0.9310639776150854
0,0.9311890531654667
0,0.9313438763501647
0,0.9314415960820726
0,0.9315299877931983
0,0.9315321805381933
0,0.9316394697378472
0,0.9316898996029758
0,0.9317002600745273
0,0.9318096615991793
0,0.9319142645157608
0,0.9319359973464523
0,0.9319652842333579
0,0.9319754044644548
0,0.9319925886302549
0,0.9320132813623729
0,0.9321221617857164
0,0.9321549929339833
0,0.9321661181657069
0,0.9322316480140997
0,0.9323018562003252
0,0.9323199483722245
0,0.9323975924249166
0,0.9324169622917937
0,0.9324335701437104
0,0.9324908178613618
0,0.9325745207409226
0,0.9325897306477542
0,0.9326007194673213
0,0.93264920695068
0,0.9326837217956107
0,0.9328108787856101
0,0.9329382614620274
0,0.933018669331985
0,0.9330363272483855
0,0.9331218591146997
0,0.9332088030181785
0,0.933225601850092
0,0.9332345461250353
0,0.9332378834982041
0,0.9332538633920751
0,0.9332897132807885
0,0.9333463393416846
0,0.9333616875136442
0,0.9333947208666028
0,0.9334250196394117
0,0.9334843230887443
0,0.9335395147854197
0,0.9335485831327076
0,0.9335877214041037
0,0.9336066545302026
0,0.9336247479816199
0,0.9336567485624092
0,0.9337269145162301
0,0.9337461043390147
0,0.9337580303947676
0,0.9337632082063725
0,0.9337656815836319
0,0.9337942069588739
0,0.9338306305370504
0,0.9338481898573202
0,0.9338704071174728
0,0.9339222276750868
0,0.9340187025891853
0,0.9340826762354795
0,0.934196861229697
0,0.934265962311131
0,0.9342664201375956
0,0.9342837736338931
0,0.9344324944599554
0,0.9344796529201196
0,0.9346811714095091
0,0.9347623405250376
0,0.934832681055304
0,0.9348941551371056
0,0.9349174478663546
0,0.9349408870792255
0,0.9350002911322319
0,0.9351911598744471
0,0.935412184130852
0,0.9354390068207841
0,0.9355418859687541
0,0.935626004916813
0,0.9356800731140328
0,0.9357109567054307
0,0.9357476916561063
0,0.9357820422618004
0,0.9357822745869164
0,0.9358252007729113
0,0.9359441672652801
0,0.9359537210443309
0,0.9359957293234235
0,0.9360101726662923
0,0.9360251238994848
0,0.9360813001058514
0,0.9363305670333636
0,0.936363497454754
0,0.936367353229526
0,0.9364137273531502
0,0.9365275177748258
0,0.9365846083647952
0,0.9366310574119147
0,0.9366392608992484
0,0.9366840037671799
0,0.9367102218369413
0,0.9367482659360893
0,0.9367868709790275
0,0.9368013332033611
0,0.9368101483151015
0,0.9368860303111516
0,0.9369599215946395
0,0.9370073147342672
0,0.9370219274197246
0,0.937035194569446
0,0.9371259908668829
0,0.9371271385893031
0,0.9371326549188075
0,0.9371706947000528
0,0.9371888815475585
0,0.9372029798377561
0,0.9373241490178721
0,0.937332459814428
0,0.9373639291626878
0,0.9373920184220732
0,0.9374041017746365
0,0.9374105721029304
0,0.9375645544022955
0,0.9375710781643366
0,0.9376708795777516
0,0.9377553318549045
0,0.9377987603425105
0,0.9378491340758813
0,0.937889948914875
0,0.9379311616276746
0,0.9379325060044652
0,0.9379428796413406
0,0.9381028182053802
0,0.9381376017023584
0,0.9381561052300976
0,0.9382121597263011
0,0.9382517056727095
0,0.9382532683218537
0,0.9383312170143506
0,0.9383735044204539
0,0.9384260808670288
0,0.9384621477381163
0,0.9385170917944248
0,0.9385371899534319
0,0.9385920495566765
0,0.9386588232364922
0,0.9387291812393979
0,0.9387428414548408
0,0.9388218326430889
0,0.9388783467967015
0,0.9388932483507064
0,0.9389395266194505
0,0.9389833480894432
0,0.9390154711067042
0,0.939025036073884
0,0.939029822095812
0,0.9391372920072486
0,0.9393268712467001
0,0.9394102330518962
0,0.9394556881602025
0,0.9394811052795153
0,0.9394909088458857
0,0.9394945631466916
0,0.9395353841299161
0,0.9396157957663026
0,0.9397024143827951
0,0.9397836780323807
0,0.9398016444062324
0,0.9398659985110838
0,0.9399734054524156
0,0.939978614129901
0,0.9399820892427777
0,0.9401455436060303
0,0.9402701268408964
0,0.9402777208899227
0,0.9402808766698445
0,0.9403185797591462
0,0.9403699094322775
0,0.9403755873020049
0,0.9404486354209488
0,0.9405119675564785
0,0.940558929531863
0,0.9406785952548714
0,0.9407481374529796
0,0.9407600990301178
0,0.9408514180190959
0,0.9408733332150578
0,0.9408932668121778
0,0.9409247863417953
0,0.9409605295673817
0,0.9411175041032218
0,0.9411512892989239
0,0.9411546741389409
0,0.9412764442241651
0,0.941294863073251
0,0.9412957510406759
0,0.9413161682355056
0,0.9413199106831672
0,0.9413665776779571
0,0.9413792043188112
0,0.9414247708691569
0,0.9414442109202191
0,0.9414612521172209
0,0.9414747970420205
0,0.9415280416335976
0,0.9415373744146213
0,0.9415530686611542
0,0.9415752251434573
0,0.9416153296764886
0,0.9416156671923391
0,0.9416675022665155
0,0.9416743476417337
0,0.9416965390058717
0,0.9417142929749369
0,0.9417690939336398
0,0.9417741578677479
0,0.9417764676958698
0,0.9418357773353766
0,0.9418968203682648
0,0.9419511518863083
0,0.9419514714852634
0,0.941975214456055
0,0.9420336506926807
0,0.9421331958900389
0,0.9421390507185389
0,0.9421585901447301
0,0.9421937591816659
0,0.9421994749859889
0,0.9422099802935616
0,0.9422127839589423
0,0.942262949734021
0,0.942361377569225
0,0.9423627252150113
0,0.9423863846034071
0,0.9425557883376742
0,0.9425573595122693
0,0.9426586692027058
0,0.9426731106140672
0,0.9426835148618049
0,0.942723087853523
0,0.9428036498726946
0,0.9428076879259407
0,0.9428223295794093
0,0.94292960479081
0,0.9429784729745185
0,0.942983127706459
0,0.9430023533492056
0,0.9431550393657573
0,0.9431881778669947
0,0.9432232010511626
0,0.9432265464850239
0,0.9432327742898072
0,0.9432779443930331
0,0.9432805112995802
0,0.9432913377576487
0,0.9433344971896868
0,0.9433549387500033
0,0.9434224696780811
0,0.9434557388131868
0,0.9434936976924492
0,0.9436314086466038
0,0.94372418232485
0,0.9437438410104478
0,0.9437526622179725
0,0.9438180569273604
0,0.9438902904594095
0,0.9439240731600842
0,0.9439604587482874
0,0.9440331478674849
0,0.9440621194473993
0,0.944099286966016
0,0.9441352836620484
0,0.9442692821772928
0,0.944365677332885
0,0.9444187424781529
0,0.9444980535291814
0,0.9445124517520442
0,0.9445713584255544
0,0.9446000721812489
0,0.9446913863163562
0,0.9448003780525881
0,0.9448132625785162
0,0.9448403765921414
0,0.9448415712281311
0,0.9448447440205007
0,0.9448514371546478
0,0.9449649274857573
0,0.9450163862181111
0,0.9450296137955358
0,0.9450848241077433
0,0.945101740842774
0,0.9451424675854987
0,0.9452558986254073
0,0.9452871790397626
0,0.9453069515277107
0,0.9453190279441729
0,0.9453281285253072
0,0.945334789379979
0,0.9454812272301064
0,0.9455083188371811
0,0.9455273922370889
0,0.9455874276992436
0,0.945679282102772
0,0.9456871583300616
0,0.9457180377653921
0,0.9457456618935351
0,0.9458196530058094
0,0.9458973406876653
0,0.9459392224829153
0,0.9459554764153112
0,0.9460298093452076
0,0.9462361212892394
0,0.9463452024142738
0,0.9463985438575969
0,0.9464043522647776
0,0.946433264862602
0,0.9464781745878396
0,0.9464883871383638
0,0.9465942802503085
0,0.9466100047758039
0,0.9466745346138147
0,0.9467785951328068
0,0.9468012301956793
0,0.9468083129003118
0,0.9469168821544806
0,0.9469218903185352
0,0.946922656329748
0,0.946992506133069
0,0.9470564780553408
0,0.9470857364375281
0,0.947098352662899
0,0.9472378770551865
0,0.9472506018828327
0,0.9472569277932541
0,0.9472963815035171
0,0.9474122980231297
0,0.9474227426481667
0,0.9474343401526363
0,0.9474740387164765
0,0.947502286111399
0,0.9475346951446854
0,0.9477832328725448
0,0.9479134884600927
0,0.9479292727611116
0,0.9479497553006397
0,0.9479897798739298
0,0.9480075918354581
0,0.9480182228002667
0,0.9480444138681228
0,0.9480745512786227
0,0.9481124246416015
0,0.9481281069307218
0,0.9481333943769455
0,0.9481612252983589
0,0.9482479808170111
0,0.9482653785188858
0,0.9483213376451738
0,0.9483578381142379
0,0.9484780383733504
0,0.9485148911339687
0,0.9485680694972405
0,0.9485718218726217
0,0.9486257659799725
0,0.9487033174040517
0,0.9487511737619678
0,0.9487512664741695
0,0.9487871569306695
0,0.948810963351258
0,0.9488910029639414
0,0.9489121116372272
0,0.9489438792378981
0,0.948945834880625
0,0.948958653510539
0,0.9489835840406553
0,0.9490445439180628
0,0.949206549722203
0,0.9492156131889474
0,0.9492412761041129
0,0.9492902052824995
0,0.9493714536821649
0,0.9493744402731833
0,0.949390528439775
0,0.9494255822032396
0,0.9494429157838744
0,0.949474055565166
0,0.9495056782232525
0,0.9495394721227118
0,0.9496635131562493
0,0.9496745076416023
0,0.9498129171005968
0,0.949822784213108
0,0.9498301151096773
0,0.94987992248072
0,0.9499783228928761
0,0.9500004827676949
0,0.9501142853911729
0,0.9502431423692458
0,0.950362778220426
0,0.9503795815523614
0,0.95041296155113
0,0.9504540217917693
0,0.9505316968566986
0,0.950583219535917
0,0.9506027103696025
0,0.9506712663078889
0,0.9506800554757953
0,0.9507062381935921
0,0.9507134009884853
0,0.9507230753674867
0,0.950883420238439
0,0.9509360394111641
0,0.9510247403890865
0,0.9510350019460184
0,0.9510509256773767
0,0.9510743375684202
0,0.9511354604156557
0,0.9511663578341057
0,0.9512422583487744
0,0.951273888751554
0,0.9512830034024784
0,0.9513197766720713
0,0.9513546481100559
0,0.9514222308778183
0,0.951441609563741
0,0.9515716728664961
0,0.95158214361867
0,0.9516022968298984
0,0.9516090839135636
0,0.9516476799322854
0,0.9516824662426144
0,0.9517530807518481
0,0.95176879734958
0,0.9518042332733034
0,0.9518695205918419
0,0.9519101991284676
0,0.9519179181416928
0,0.9519479415933669
0,0.9520085378792665
0,0.952016053073513
0,0.9520440940438448
0,0.9520805049928366
0,0.9520934272429759
0,0.9521368028207056
0,0.9521533025253217
0,0.9522170647036302
0,0.9522622558559608
0,0.9522662786277781
0,0.9523118041260659
0,0.952407267075732
0,0.9524561965223686
0,0.952569559605035
0,0.9525928286972958
0,0.9527637478100992
0,0.9528585538254064
0,0.9529116482027719
0,0.9529865445221214
0,0.9529947392997863
0,0.9530778208390496
0,0.9530883705312819
0,0.9530929621438917
0,0.9531266091567765
0,0.9532905723004299
0,0.9533128988713633
0,0.9533933928918976
0,0.9535068911425159
0,0.9535118377820637
0,0.9535269819434004
0,0.9535829390706346
0,0.9535879927957451
0,0.9536342699472973
0,0.9536504287339234
0,0.9536711933632177
0,0.9537552526681651
0,0.9538628653870014
0,0.9538630394677291
0,0.9539352750512549
0,0.9540346866302477
0,0.9540556180153796
0,0.9540635386452926
0,0.9541076090961301
0,0.9541172848748423
0,0.9542117277316735
0,0.954232928260039
0,0.9542576681864827
0,0.9542691772988614
0,0.9542881141656904
0,0.9543087665881034
0,0.954350122323805
0,0.9543526912037612
0,0.9544522629042819
0,0.9544868369801351
0,0.9545197599634897
0,0.9545262236940987
0,0.9546100313545852
0,0.9546368343734968
0,0.9546523995628704
0,0.9546784001656272
0,0.9546825590203808
0,0.9546957820606297
0,0.9547613240337981
0,0.9547621077711068
0,0.9547650854106555
0,0.9547812138023128
0,0.9547812953590522
0,0.9548013799671331
0,0.9548412893666698
0,0.9548892221831672
0,0.9549028044301178
0,0.954945722659609
0,0.954958713796781
0,0.9549664543886404
0,0.9550764599633026
0,0.9550794009640422
0,0.9551609986515032
0,0.9552678389961093
0,0.9552832166593362
0,0.9553211835831024
0,0.9553340454149083
0,0.9553515983593365
0,0.9554075445304739
0,0.9554190505570854
0,0.9554631675587423
0,0.9555621983034671
0,0.9555724504133537
0,0.9555941227568978
0,0.955624913047421
0,0.9556485275554455
0,0.955721808267218
0,0.9558003928999036
0,0.9558604373002589
0,0.9559104379475444
0,0.9559578750662139
0,0.955981117684626
0,0.9559867396941347
0,0.956029795628013
0,0.9560735698454398
0,0.9560774462422931
0,0.9560977143142501
0,0.9561371162124005
0,0.9561468200729266
0,0.9561524701674123
0,0.9562218165577997
0,0.9562464808193765
0,0.9563200136725212
0,0.9564140515238387
0,0.9564275878237631
0,0.9564312408491409
0,0.9564729302656565
0,0.9565831487126698
0,0.9565946781380064
0,0.9566099517337204
0,0.9566251797026735
0,0.9566836917475097
0,0.9567239003269802
0,0.9567342889226911
0,0.956759474058916
0,0.9567645558073077
0,0.9567912241402576
0,0.9568168541330071
0,0.9568246730123489
0,0.9568289146114346
0,0.9569484953814286
0,0.9570652643405059
0,0.9571068114659519
0,0.9573301920494856
0,0.9574367130616047
0,0.95752220031758
0,0.9575443767381624
0,0.9575552435609005
0,0.9576187537782817
0,0.9576313581208202
0,0.9576428486379391
0,0.9577017810865388
0,0.9577620077035373
0,0.9577622372359769
0,0.9577663739726686
0,0.9579420937156123
0,0.9580294041901597
0,0.95804973477355
0,0.9581589061562881
0,0.9581747240583893
0,0.9582091246593947
0,0.9583257036207052
0,0.9583374455289788
0,0.95838649738828
0,0.9584202397704552
0,0.9584559173700451
0,0.9584889841819474
0,0.9585337813511795
0,0.958536446435933
0,0.9585497097127482
0,0.9585904284471105
0,0.9586198851630576
0,0.9586852776336106
0,0.9587152236850544
0,0.9587308348005549
0,0.9587341407232308
0,0.958776742003949
0,0.9587793574062832
0,0.9588010517443809
0,0.958839449762507
0,0.9588446594816129
0,0.9589028333148948
0,0.9589263986425332
0,0.9589264687902616
0,0.9590411358547523
0,0.9590827270794852
0,0.9590949864020841
0,0.9592285288667407
0,0.9592656508344318
0,0.9593021805892725
0,0.9593755301895598
0,0.959403468335194
0,0.9594331800521264
0,0.9594407669949869
0,0.9594728778448419
0,0.9594849577078581
0,0.9594922711674269
0,0.9595233772817034
0,0.9595708776284053
0,0.9595720916675102
0,0.9596420996866
0,0.9597623754502627
0,0.9597756731800674
0,0.9598187726729387
0,0.9598923892045275
0,0.9600027101268367
0,0.9600075459743619
0,0.960093768044796
0,0.9601104215403824
0,0.9601547506256812
0,0.9601906021935761
0,0.9602255518619658
0,0.9602579606911924
0,0.9602725875723241
0,0.9602954523345476
0,0.9603191302671464
0,0.9603523436962499
0,0.9603554076058912
0,0.9604869230370149
0,0.9605113532157837
0,0.9605861149232924
0,0.960594181533063
0,0.9606316220748662
0,0.9606712534908546
0,0.960843998788959
0,0.9608623756586573
0,0.9608741567159824
0,0.9609630858013815
0,0.9609828622757433
0,0.9609925739350609
0,0.9609959536084414
0,0.9610078571811858
0,0.961008101002248
0,0.9610793903871403
0,0.9610926197952915
0,0.9611284282356813
0,0.9611339243664062
0,0.9613190709366918
0,0.9613906597255191
0,0.9614134565413713
0,0.9614213786434087
0,0.9614341809194729
0,0.9614624472943998
0,0.9614859519578906
0,0.9614901545445377
0,0.9614943527840244
0,0.9615452740934561
0,0.9615702086603334
0,0.9617270909583928
0,0.9617300401896268
0,0.961770434128095
0,0.9618198264151776
0,0.9618366789816822
0,0.9619103057351185
0,0.9619210124543518
0,0.961972040768838
0,0.9619771458949954
0,0.9620375155686098
0,0.9620406311334168
0,0.9620871033737949
0,0.9621022976450264
0,0.9621627377591756
0,0.9621832407365096
0,0.9622088336300016
0,0.9622137210708436
0,0.962238436507563
0,0.9622671067861387
0,0.9622758071191988
0,0.9624289253848652
0,0.9624971725292368
0,0.9625248952890822
0,0.9625698428129508
0,0.9626468226684554
0,0.962673066465401
0,0.9626869681468101
0,0.9627160255527629
0,0.9627353825442502
0,0.9628185737470042
0,0.9628591411346951
0,0.9630304128107409
0,0.9630565594396399
0,0.9630916266176179
0,0.9631078950308248
0,0.9631779141870828
0,0.9633141611624605
0,0.9633242728541163
0,0.9633747884012523
0,0.9634276640173525
0,0.9634509519589055
0,0.9634662132187672
0,0.9635538425740187
0,0.9637092323265382
0,0.9637187882091841
0,0.9637250895994632
0,0.963727307880667
0,0.9637532949296247
0,0.9637917615603354
0,0.9638083935926514
0,0.9638285360356614
0,0.9638300166177024
0,0.96384677258023
0,0.9638878197035947
0,0.9638934755365969
0,0.9639057619642231
0,0.9639772500648791
0,0.9639957963716423
0,0.9640088485633599
0,0.9640604071895964
0,0.9640783528983823
0,0.9644394599251039
0,0.9644750859585975
0,0.9645129512005319
0,0.964538028451537
0,0.9645667595519594
0,0.9645875715032928
0,0.9645902011846498
0,0.9646240242615216
0,0.9646269824821546
0,0.9646520930954166
0,0.9647165967873345
0,0.9647629151799847
0,0.9647662127680824
0,0.9648757437211918
0,0.9649891978084405
0,0.9650168610287825
0,0.9650378081319201
0,0.9650393206211805
0,0.9650651090606133
0,0.9651419444966648
0,0.965147758575751
0,0.9651479907574482
0,0.9651679524945963
0,0.9651922759372438
0,0.9651997916089841
0,0.965209239484967
0,0.9652156920338082
0,0.9652699325508216
0,0.9652805983106637
0,0.9653250947015328
0,0.9653551253400239
0,0.9653681692243531
0,0.965431566782602
0,0.965453258563243
0,0.9654644164057881
0,0.9654743246062641
0,0.9655412991018514
0,0.965606059620047
0,0.9656778505670612
0,0.9656934533373092
0,0.9657008314323845
0,0.9657093294768371
0,0.9657853198639619
0,0.9658003456874806
0,0.9658016217866121
0,0.9658602836164799
0,0.9658659489959085
0,0.9659215085397024
0,0.9659539689569331
0,0.9659639461226627
0,0.9659783883680199
0,0.9660715446161123
0,0.9661430383183878
0,0.9662083483027436
0,0.9662563576005991
0,0.9662615092134229
0,0.9662745601413564
0,0.9663189691938862
0,0.9663534245903304
0,0.9663542038544837
0,0.966431453019365
0,0.9664349178961813
0,0.9664673007006953
0,0.9665346489706454
0,0.9665771602648354
0,0.9665941569471811
0,0.9666247075600731
0,0.9667984975362404
0,0.9668095396832165
0,0.966849351286639
0,0.9668495325425207
0,0.9668754180885126
0,0.9668988996361716
0,0.9669789648889662
0,0.9670084370666371
0,0.9670940272250748
0,0.9671389051567144
0,0.9672080552752581
0,0.9672239987985045
0,0.9672513563056355
0,0.9673325426516708
0,0.9673836939566166
0,0.9675015982915546
0,0.9675124823153495
0,0.9677446929887698
0,0.9677515989896079
0,0.9677717480567134
0,0.9678244597202446
0,0.9679128298799892
0,0.9679505921649155
0,0.9679746243145454
0,0.9680016570360064
0,0.968012537629555
0,0.968184824815069
0,0.968198695021481
0,0.9682292361267314
0,0.9683000117429059
0,0.968336253173171
0,0.9683639431973226
0,0.9684405182886349
0,0.9684755528561553
0,0.968491905885632
0,0.9685639406752767
0,0.9685770212681971
0,0.9686086549017344
0,0.9686808228140459
0,0.9687115225566141
0,0.9687344335103829
0,0.9687992536423562
0,0.9688233286719331
0,0.9689505427489411
0,0.9689999481186786
0,0.9690234233598023
0,0.9690367380301064
0,0.9690460413232541
0,0.9690877528686253
0,0.9691474671308805
0,0.9693050882712286
0,0.9693556272271565
0,0.9693708956948472
0,0.9694040874012578
0,0.9694061127867115
0,0.9694956438102542
0,0.9695090568874837
0,0.9695482159522981
0,0.9695878338901284
0,0.9696320964276243
0,0.9696466952155565
0,0.969691263285177
0,0.9697213004206966
0,0.9697268416136945
0,0.9698103169610436
0,0.9698137423599741
0,0.9698166963251944
0,0.9698258226755457
0,0.9698796762687
0,0.9700078295264084
0,0.9700195498509353
0,0.9700687310628975
0,0.9701647057904474
0,0.9701738855147354
0,0.9701752067655258
0,0.9701918597269034
0,0.9703293992156864
0,0.9704090043468978
0,0.9704300402816268
0,0.9705388912595262
0,0.9705586615539177
0,0.9706215850144948
0,0.9706517001119087
0,0.970664339778442
0,0.9708555703498365
0,0.9708561421047819
0,0.9708616200461401
0,0.9709814144805202
0,0.9710048164866545
0,0.9710078944436787
0,0.9710285516890369
0,0.9711667265313356
0,0.9712296832110262
0,0.9712459445162747
0,0.971269925613192
0,0.9712821008273833
0,0.9713390176777229
0,0.9713893516462001
0,0.971400157368709
0,0.9714328913556273
0,0.9714588600475518
0,0.9715210596230883
0,0.9716619848526264
0,0.9716810280204573
0,0.9716837485809983
0,0.9717762478617293
0,0.9717836584043661
0,0.971799681500212
0,0.9718123405127355
0,0.9718915680787892
0,0.9718931644746115
0,0.9719274281064149
0,0.9719938690234549
0,0.9719939714196494
0,0.9719962251418441
0,0.972009047984437
0,0.9720883219574111
0,0.9722093592682022
0,0.972219413842203
0,0.972242922161537
0,0.9722459365194704
0,0.9722482629761885
0,0.9722646065512246
0,0.9724624509545147
0,0.972475454849808
0,0.9724809069713414
0,0.972614680774748
0,0.9726254208380858
0,0.9726260830885894
0,0.9726763081364233
0,0.9726785981147635
0,0.9726930085196539
0,0.9726965418402839
0,0.9727239993072342
0,0.9727498141920414
0,0.9728386149672344
0,0.9728645713794251
0,0.9728879878062912
0,0.9729133505529841
0,0.9729188583596298
0,0.9729215849251245
0,0.9729836811749063
0,0.9730106324511725
0,0.9730140264519656
0,0.9732661491247905
0,0.9734538058502608
0,0.973471695189979
0,0.9734865721942636
0,0.9735409878878254
0,0.9736951900302485
0,0.9738406765531821
0,0.9738479024816391
0,0.9739741081735566
0,0.973985550966978
0,0.9740933870982681
0,0.9741561788992354
0,0.9741937241827886
0,0.9742269082097758
0,0.9742837189921026
0,0.9743321948129448
0,0.9743323143953585
0,0.9744634575971467
0,0.9745091239524998
0,0.9745295895723153
0,0.9745634191550916
0,0.9746428830921589
0,0.9747418619503676
0,0.974771385431177
0,0.9748148634928697
0,0.9748685893776539
0,0.9749025871139719
0,0.9749398267137686
0,0.9749835818277942
0,0.9750087661452267
0,0.975027438074207
0,0.9750376506810366
0,0.975097159063318
0,0.9751395776856311
0,0.9752948141725949
0,0.9753174402170854
0,0.9753990869736188
0,0.975414451761119
0,0.9754258886511916
0,0.9754842111216172
0,0.9755764062547526
0,0.9755787695648623
0,0.975613883867049
0,0.9757044201899818
0,0.975757898387989
0,0.9757691511961073
0,0.9757881589720703
0,0.9757910344156846
0,0.9758261892840369
0,0.9758626696017605
0,0.9758693244740316
0,0.9759511645654985
0,0.9759697706426951
0,0.9760376028469081
0,0.9760389765778065
0,0.976060326267435
0,0.976071484941941
0,0.97607748952617
0,0.9761396214289154
0,0.9761686394182544
0,0.976180522518095
0,0.9762427771602722
0,0.9762963913581508
0,0.976319053111992
0,0.9763234159523783
0,0.9763683398072135
0,0.9764453878150133
0,0.9764575536907093
0,0.9765235035897775
0,0.976574086794913
0,0.9766737783768858
0,0.9767026854598551
0,0.9767479886594144
0,0.9767627911758265
0,0.9768845249264673
0,0.9769208787403157
0,0.9769413082214398
0,0.9769840409437828
0,0.9770038818256853
0,0.9770281751025022
0,0.9770381286109252
0,0.9770556098273143
0,0.9770755688571795
0,0.9770788282824685
0,0.9771083505530258
0,0.9773278101964915
0,0.9773430066728351
0,0.9773623734636552
0,0.977417485954152
0,0.9774187114954115
0,0.9775015533071835
0,0.9775573319337845
0,0.9776234438536495
0,0.9776773808891024
0,0.9777406565098684
0,0.9777602160780678
0,0.977890608133219
0,0.9778950379803283
0,0.9779031721012755
0,0.978023946159124
0,0.9780433090292081
0,0.9780687717292662
0,0.9780827718617333
0,0.9780900682523936
0,0.9781012199106968
0,0.9781314243631316
0,0.9782301161470726
0,0.9782716820255757
0,0.9783080104530266
0,0.9783633807783886
0,0.9784053738832938
0,0.9784674961167609
0,0.9785783334669873
0,0.9786020498967425
0,0.9786197301130398
0,0.9786321773705287
0,0.9787220926141539
0,0.9787493818611835
0,0.9787760748210045
0,0.9787771219147716
0,0.9788097889054781
0,0.9788123222028161
0,0.9788487733672327
0,0.9788710689338099
0,0.9789300584555178
0,0.9790118096967723
0,0.9790148536594689
0,0.9790180442637485
0,0.9791158688428653
0,0.979177411986094
0,0.9792732407539864
0,0.979293886590927
0,0.9793092603441965
0,0.9793985329849998
0,0.9794974456310529
0,0.9795184343264467
0,0.9795263670213417
0,0.9795311970767776
0,0.9796137713328532
0,0.9796276286382036
0,0.9796379108456464
0,0.9797150103715196
0,0.9797258076382405
0,0.9797966590191076
0,0.9798690639242281
0,0.9798832994715513
0,0.979904654284746
0,0.9799487644880202
0,0.9799552574182248
0,0.9799768135072683
0,0.9799779043038042
0,0.9800441293073249
0,0.9801884296135729
0,0.9802004359081102
0,0.9802843387979191
0,0.980311704901525
0,0.9804317916629384
0,0.9804475860203743
0,0.9804687201562592
0,0.980484130867595
0,0.9805093711636637
0,0.9805140157997213
0,0.9805154224026807
0,0.9806968978264321
0,0.9807163735903993
0,0.9807257080683007
0,0.9807417206594711
0,0.9808011387579276
0,0.9808064705250673
0,0.9809005923752263
0,0.9809597178908764
0,0.98098420578965
0,0.9810552315067843
0,0.9811000168013089
0,0.9811910918664871
0,0.9811948857836015
0,0.9812647706490985
0,0.9813095412210908
0,0.981332550242013
0,0.9813915049185521
0,0.9814225979050412
0,0.9814868346669626
0,0.9815349333762965
0,0.9815378103320538
0,0.9815831132293741
0,0.9816017592730273
0,0.9816252281170768
0,0.9816369567530999
0,0.981657511087603
0,0.9816762632517364
0,0.9816852759331122
0,0.9817379744408845
0,0.9817679599172737
0,0.9817772050948517
0,0.98178167618882
0,0.9817983283971234
0,0.9818148006052535
0,0.9818504061804847
0,0.9818541491800471
0,0.9819640435989729
0,0.9820248625949523
0,0.9821120422201667
0,0.9821434059088121
0,0.9821921604091061
0,0.9822372474652752
0,0.9823088907984363
0,0.9823356867843985
0,0.9823536235782842
0,0.9824321264467109
0,0.9824466837233061
0,0.9824628580414019
0,0.9825566885877008
0,0.9825847870962313
0,0.9825891246690801
0,0.9826802578235583
0,0.9826910654927494
0,0.9828364264952849
0,0.9828408373154307
0,0.9828569999265878
0,0.9828673628613663
0,0.9829402106238779
0,0.9829796060802743
0,0.982984003353329
0,0.9829895007868004
0,0.9829974100491212
0,0.983080284806138
0,0.983124725721116
0,0.9831602011959479
0,0.9832975946002811
0,0.9833675535743779
0,0.9834208248261952
0,0.983435062566227
0,0.983460528172431
0,0.9834724529831504
0,0.9835020218396255
0,0.9835115174369494
0,0.9836150402990717
0,0.9836312074351602
0,0.9836953378783371
0,0.9836965680538392
0,0.9836968883720951
0,0.9838029608309444
0,0.9838342652781408
0,0.9839146633218888
0,0.9839989357968738
0,0.9840049384630405
0,0.9840233539396301
0,0.9840345765398808
0,0.9840397294109684
0,0.984044985309027
0,0.984064917910584
0,0.9841082195239697
0,0.9841086954094764
0,0.984126950250359
0,0.9841368307486851
0,0.9841582498483155
0,0.9842014413123359
0,0.9842047196974513
0,0.9842229151858374
0,0.9842269152507359
0,0.9842441820892679
0,0.9843227065704514
0,0.984347524947378
0,0.9843570038901288
0,0.9843832403248701
0,0.9844329877843724
0,0.9845289202527064
0,0.9846361182552686
0,0.9846620145825705
0,0.9846649720198694
0,0.9846659526645595
0,0.9846699538096447
0,0.9848141779288375
0,0.9848960419693251
0,0.985038229541067
0,0.9850980609817968
0,0.9851291530682237
0,0.9851629599642086
0,0.9852100273210651
0,0.9852534785881134
0,0.9854930533973608
0,0.9855466038770947
0,0.9856018531191507
0,0.9856160056589164
0,0.9856493833908612
0,0.9856653961223603
0,0.9856741394553172
0,0.9856769057827274
0,0.985736672035008
0,0.985739599354904
0,0.985760568498967
0,0.9857823415577012
0,0.9858418467043185
0,0.9859426747926812
0,0.9860644767295415
0,0.9861018450555388
0,0.9861805911932469
0,0.9862235678807367
0,0.9863837760566738
0,0.986392494461206
0,0.9864116035641688
0,0.9866321110820755
0,0.986679325010568
0,0.9867050316975426
0,0.986729026479974
0,0.9867611583173391
0,0.9868823175332486
0,0.986937865998707
0,0.9870075641081696
0,0.9870913468040496
0,0.987116977281036
0,0.9871219183023171
0,0.9872077816790237
0,0.9872396738567993
0,0.9872439259232013
0,0.9872449545501777
0,0.9872571470744606
0,0.9872881786683924
0,0.987381800969798
0,0.9874555125743314
0,0.987543657465475
0,0.9876179559167191
0,0.9876396457507121
0,0.9877037770165238
0,0.9877097326014451
0,0.9877193106744847
0,0.987727849415282
0,0.9878372203493765
0,0.9878556353994562
0,0.9878953307037647
0,0.9879597695658263
0,0.9879669543198644
0,0.988038557058161
0,0.9880891221673713
0,0.9883585541578599
0,0.9884079828662194
0,0.9884237645806071
0,0.9884448653833408
0,0.9884792658288165
0,0.9884828103916281
0,0.9885202308752983
0,0.9886134999680846
0,0.9886162820843319
0,0.9886544063518238
0,0.9886755126372155
0,0.9886857847994267
0,0.9887467546808353
0,0.9887950691433194
0,0.9888027364413349
0,0.9888440086990662
0,0.9888831172096012
0,0.9888915874442423
0,0.9889276765802397
0,0.9889861096451212
0,0.9889901475694727
0,0.9889991757951693
0,0.9890074103099351
0,0.9891812030323703
0,0.9892344937790278
0,0.9892347424128695
0,0.9892350098687823
0,0.9895351468496972
0,0.9895518426267296
0,0.9895726179308232
0,0.9895890236506083
0,0.9895995968458506
0,0.9896079967129928
0,0.9896643682604144
0,0.9897038441130913
0,0.9897625823481794
0,0.9899214176200811
0,0.9899283856356166
0,0.989944652485238
0,0.9899524678237502
0,0.98997392084023
0,0.9900117525957
0,0.9901106718564365
0,0.9901284159559031
0,0.9901393893888409
0,0.9901498252323138
0,0.990178809302079
0,0.9902713611937339
0,0.9903210220406554
0,0.9903883870878846
0,0.9905245498229709
0,0.9906079333867862
0,0.9907908287625298
0,0.9908138590656355
0,0.9908382701511508
0,0.9908697677840425
0,0.9909524569230076
0,0.9909787608148907
0,0.9909999374238306
0,0.9911124846672098
0,0.9911899754394388
0,0.9912964736353944
0,0.9913599493983541
0,0.9913819703084563
0,0.9916322795639534
0,0.9917054096593383
0,0.9917114632782604
0,0.9917491124038595
0,0.991807460002545
0,0.991856904825038
0,0.991862630768193
0,0.9919774302074071
0,0.9920661574984485
0,0.9921932566522842
0,0.9922103472022976
0,0.9922664394044424
0,0.9924821277305726
0,0.9926128517306546
0,0.9927221124537441
0,0.9928162313979307
0,0.992858176510022
0,0.9928713914948168
0,0.9929530533554233
0,0.9930457350468521
0,0.9930510898155143
0,0.9931147209336941
0,0.9931227983598876
0,0.9931752034245458
0,0.9932215328433948
0,0.993347319516767
0,0.9933896998201676
0,0.993402336317137
0,0.9936259174409142
0,0.9937240903231046
0,0.9937602274076036
0,0.9938482438288442
0,0.9938737655679304
0,0.993985481381657
0,0.9940238540707622
0,0.9940807883984767
0,0.9942749167530102
0,0.994372823754694
0,0.9944891484328306
0,0.9947065396836746
0,0.9947239436158123
0,0.9949442723090123
0,0.9950242519191681
0,0.9950796997608884
0,0.9951126513126278
0,0.9951596657247496
0,0.9951710107289248
0,0.9953246014916695
0,0.9953986466969736
0,0.9954353019478062
0,0.9954742021645111
0,0.9955058151034196
0,0.9955365493810261
0,0.995557336042454
0,0.9958359818444943
0,0.995853043431577
0,0.995870379115445
0,0.9959379828618018
0,0.9959513209256134
0,0.9960316827647637
0,0.996060714139553
0,0.9962398155972445
0,0.9963196468369533
0,0.9963356156714201
0,0.9963758268253603
0,0.9965191871034644
0,0.9965978377255447
0,0.9966148017549724
0,0.9966368017652736
0,0.9966493218693162
0,0.9966833472512454
0,0.996709972385872
0,0.9967831111520417
0,0.9967929903647874
0,0.9969091549581363
0,0.99691996405056
0,0.9969321563891226
0,0.9969509431463235
0,0.9970235850618931
0,0.9970620721038533
0,0.9970800046840202
0,0.9970920116042454
0,0.9971749260827194
0,0.9972304427051666
0,0.9972680252088395
0,0.9972979949777709
0,0.9973131558423376
0,0.9973578491374518
0,0.9973883636152565
0,0.9974301768094508
0,0.9974734332013131
0,0.9976451811667437
0,0.9977174730122214
0,0.9978101009511948
0,0.9978465446894987
0,0.9978493981233496
0,0.9978769794580239
0,0.9978940601068574
0,0.9979375918547683
0,0.998001365766645
0,0.9980542578685666
0,0.9981199952995305
0,0.9981977485768756
0,0.9982673867342285
0,0.9983205846731287
0,0.998495216836239
0,0.9985063859288529
0,0.9985092237537179
0,0.9985153902902086
0,0.9985922599238144
0,0.9985933387747329
0,0.9986014954934022
0,0.9986847504325578
0,0.9987115706567593
0,0.998713288095625
0,0.9987167593631177
0,0.9987177482463105
0,0.9987315778266599
0,0.9987745298314857
0,0.9988618529729658
0,0.9989336191333141
0,0.9989528391414875
0,0.9989771901335492
0,0.9991009646080504
0,0.9992182308923789
0,0.9992421929808483
0,0.9992508181163818
0,0.9992606164043576
0,0.9992639053929557
0,0.9992736133875488
0,0.9992753323477659
0,0.999297374776242
0,0.9993936142688447
0,0.999430451210838
0,0.999469923483529
0,0.9994808381070547
0,0.9994961240582143
0,0.9995488674532417
0,0.9995789954498785
0,0.9995807598715447
0,0.9996325289232215
0,0.9996560184199714
0,0.9996654139253196
0,0.9997017194610115
0,0.9997048042128787
0,0.9997208137621363
0,0.9997232885994948
0,0.9997237699294651
0,0.9997290614569458
0,0.9997304640594726
0,0.999731229037928
0,0.9997555389953761
0,0.9997555860345605
0,0.9997568874995998
0,0.9997627617811508
0,0.9997664954398193
0,0.9997730057506659
0,0.9997833387883291
0,0.9997863270839233
0,0.9997921915428408
0,0.9997965147463009
0,0.9998043295793101
0,0.9998257788873819
0,0.9998357606181723
0,0.9998462781282127
0,0.9998667755199785
0,0.9998769092897979
0,0.9998951726747622
0,0.9998974451460182
0,0.9999147546151016
0,0.9999209389016873
